{
  "users": [
    {
      "id": 1,
      "fname": "Dhanashri ",
      "lname": "Mane",
      "email": "dmmane6@gmail.com",
      "mobile": 9527710033,
      "address": "belgaum"
    },
    {
      "id": 2,
      "fname": "Pooja",
      "lname": "Mane",
      "email": "poojaMane@gmail.com",
      "mobile": 9552717801,
      "address": "nipani"
    },
    {
      "fname": "ganesh",
      "lname": "londhe",
      "email": "ganesh@gmail.com",
      "mobile": "7867564534",
      "address": "solapur",
      "id": 3
    },
    {
      "fname": "darshan",
      "lname": "gaikwad",
      "email": "darshangaikwad@gmail.com",
      "mobile": "9898978676",
      "address": "Nasik",
      "id": 4
    },
    {
      "fname": "akash",
      "lname": "edake",
      "email": "akash@gmail.com",
      "mobile": "9878675645",
      "address": "Solapur",
      "id": 5
    },
    {
      "fname": "manali",
      "lname": "gandhi",
      "email": "manali@gmail.com",
      "mobile": "9786756556",
      "address": "mumbai",
      "id": 7
    },
    {
      "fname": "alesh",
      "lname": "patil",
      "email": "alesh@gmail.com",
      "mobile": "9878675656",
      "address": "nasik",
      "id": 8
    }
  ]
}